ID,Elapsed Time (s),Acceleration,Gravity,Angular Velocity,Orientation,Character,Predicted Character
2,1.413000063621439e-06,"[3.4308910369873047, -4.431667327880859, 8.08282470703125]","[3.5482945442199707, -4.526361465454102, 7.943050384521484]","[-0.02321287989616394, 0.0, -0.03420845419168472]","[0.16587699949741364, -0.2531050145626068, 0.9501339793205261, 0.07527700066566467]",Hello,Hello
2,0.0462676610000016,"[3.4548330307006836, -4.424484729766846, 8.044517517089844]","[3.550096035003662, -4.526086330413818, 7.942402362823486]","[-0.02321287989616394, 0.0024434609804302454, -0.0403171069920063]","[0.16586799919605255, -0.2536959946155548, 0.9499490261077881, 0.07564599812030792]",Hello,Hello
2,0.0502015330000631,"[3.5625722408294678, -4.611232280731201, 7.95832633972168]","[3.553354024887085, -4.530799865722656, 7.938256740570068]","[-0.03420845419168472, -0.006108652334660292, -0.03176499158143997]","[0.16586799919605255, -0.2536959946155548, 0.9499490261077881, 0.07564599812030792]",Hello,Hello
2,0.0962289320000309,"[3.5960910320281982, -4.563348293304443, 7.95832633972168]","[3.5582334995269775, -4.53563928604126, 7.933305263519287]","[-0.012217304669320583, -0.004886921960860491, -0.018325956538319588]","[0.16586799919605255, -0.2536959946155548, 0.9499490261077881, 0.07564599812030792]",Hello,Hello
2,0.0977558750000753,"[3.5936968326568604, -4.587290287017822, 8.04930591583252]","[3.559009075164795, -4.535947799682617, 7.932781219482422]","[-0.009773843921720982, -0.00366519158706069, -0.012217304669320583]","[0.1661289930343628, -0.25422701239585876, 0.9496809840202332, 0.07664299756288528]",Hello,Hello
2,0.0985342999999829,"[3.421314239501953, -4.505887508392334, 8.099584579467773]","[3.5461132526397705, -4.522059440612793, 7.946474552154541]","[-0.03420845419168472, 0.0, -0.018325956538319588]","[0.16587699949741364, -0.2531050145626068, 0.9501339793205261, 0.07527700066566467]",Hello,Hello
2,0.0996769200000926,"[3.5410242080688477, -4.553771495819092, 8.111555099487305]","[3.561115264892578, -4.537550926208496, 7.9309186935424805]","[-0.01466076634824276, -0.00366519158706069, -0.00366519158706069]","[0.1661289930343628, -0.25422701239585876, 0.9496809840202332, 0.07664299756288528]",Hello,Hello
2,0.1462154800001371,"[3.60566782951355, -4.649539470672607, 7.953537940979004]","[3.56235408782959, -4.541772365570068, 7.927946090698242]","[-0.00855211354792118, -0.009773843921720982, 0.012217304669320583]","[0.1661289930343628, -0.25422701239585876, 0.9496809840202332, 0.07664299756288528]",Hello,Hello
2,0.1471873590000996,"[3.5410242080688477, -4.551377296447754, 8.003816604614258]","[3.5631256103515625, -4.543325424194336, 7.926709175109863]","[0.02932153269648552, -0.006108652334660292, 0.01710422709584236]","[0.16631999611854553, -0.25464901328086853, 0.9495159983634949, 0.07687799632549286]",Hello,Hello
2,0.1480883639999319,"[3.4380736351013184, -4.534617900848389, 8.051700592041016]","[3.560455799102783, -4.542399883270264, 7.928439140319824]","[0.013439035043120384, -0.010995574295520782, 0.03176499158143997]","[0.16631999611854553, -0.25464901328086853, 0.9495159983634949, 0.07687799632549286]",Hello,Hello
2,0.1944512840000243,"[3.5242648124694824, -4.505887508392334, 7.99184513092041]","[3.5606181621551514, -4.54446268081665, 7.927184104919434]","[-0.0012217304902151227, -0.019547687843441963, 0.03420845419168472]","[0.16631999611854553, -0.25464901328086853, 0.9495159983634949, 0.07687799632549286]",Hello,Hello
2,0.1948631689999729,"[3.4093432426452637, -4.4532151222229, 8.130708694458008]","[3.56014084815979, -4.544863700866699, 7.927168369293213]","[0.00366519158706069, -0.02076941914856434, 0.025656340643763542]","[0.16641299426555634, -0.2544119954109192, 0.9496150016784668, 0.07623100280761719]",Hello,Hello
2,0.2434071530001347,"[3.426102638244629, -4.481945514678955, 8.04930591583252]","[3.5622992515563965, -4.544556617736816, 7.926375389099121]","[-0.00733038317412138, -0.01710422709584236, 0.012217304669320583]","[0.16641299426555634, -0.2544119954109192, 0.9496150016784668, 0.07623100280761719]",Hello,Hello
2,0.2438552369999342,"[3.466804027557373, -4.501099109649658, 8.101978302001953]","[3.5625479221343994, -4.5441155433654785, 7.926516056060791]","[-0.010995574295520782, -0.010995574295520782, -0.004886921960860491]","[0.16675199568271637, -0.2545430064201355, 0.9495819807052612, 0.07545500248670578]",Hello,Hello
2,0.2445574979999492,"[3.490746021270752, -4.46518611907959, 8.13789176940918]","[3.5667295455932617, -4.54426383972168, 7.924551010131836]","[-0.013439035043120384, -0.00855211354792118, -0.018325956538319588]","[0.16675199568271637, -0.2545430064201355, 0.9495819807052612, 0.07545500248670578]",Hello,Hello
2,0.2915548519999902,"[3.5266590118408203, -4.563348293304443, 8.037335395812988]","[3.569782257080078, -4.545143127441406, 7.922671318054199]","[-0.009773843921720982, -0.00366519158706069, -0.02932153269648552]","[0.16675199568271637, -0.2545430064201355, 0.9495819807052612, 0.07545500248670578]",Hello,Hello
2,0.2925401960001181,"[3.507505416870117, -4.6040496826171875, 8.087613105773926]","[3.5714449882507324, -4.546810150146484, 7.920965194702148]","[-0.01466076634824276, 0.009773843921720982, -0.024434609338641167]","[0.16705399751663208, -0.2547439932823181, 0.9494670033454895, 0.07556399703025818]",Hello,Hello
2,0.340507376000005,"[3.584120035171509, -4.611232280731201, 8.04691219329834]","[3.571406364440918, -4.547372817993164, 7.920660018920898]","[0.004886921960860491, 0.02076941914856434, -0.01710422709584236]","[0.16705399751663208, -0.2547439932823181, 0.9494670033454895, 0.07556399703025818]",Hello,Hello
2,0.3417125830001168,"[3.4979286193847656, -4.534617900848389, 8.001421928405762]","[3.5689749717712402, -4.546197891235352, 7.922429084777832]","[0.0024434609804302454, 0.03420845419168472, -0.00366519158706069]","[0.1670999974012375, -0.2548690140247345, 0.9493709802627563, 0.07623600214719772]",Hello,Hello
2,0.3421831489999931,"[3.4811692237854004, -4.594472885131836, 8.015787124633789]","[3.5639424324035645, -4.547239303588867, 7.924097061157227]","[0.0024434609804302454, 0.03298672288656235, 0.00855211354792118]","[0.1670999974012375, -0.2548690140247345, 0.9493709802627563, 0.07623600214719772]",Hello,Hello
2,0.389269479999939,"[3.557783842086792, -4.546588897705078, 8.030152320861816]","[3.556114912033081, -4.54832124710083, 7.926992416381836]","[0.009773843921720982, 0.0403171069920063, 0.010995574295520782]","[0.1670999974012375, -0.2548690140247345, 0.9493709802627563, 0.07623600214719772]",Hello,Hello
2,0.3897846689999369,"[3.4572272300720215, -4.537012100219727, 8.094796180725098]","[3.547667980194092, -4.5475544929504395, 7.931215763092041]","[0.00855211354792118, 0.0354301854968071, 0.009773843921720982]","[0.1663990020751953, -0.25472399592399597, 0.9495139718055725, 0.07648400217294693]",Hello,Hello
2,0.438882926000133,"[3.4117374420166016, -4.467580318450928, 8.051700592041016]","[3.5405709743499756, -4.546076774597168, 7.935233116149902]","[-0.0012217304902151227, 0.025656340643763542, 0.0024434609804302454]","[0.1663990020751953, -0.25472399592399597, 0.9495139718055725, 0.07648400217294693]",Hello,Hello
2,0.4394620660000328,"[3.375824451446533, -4.517858505249023, 8.01339340209961]","[3.5347983837127686, -4.547643184661865, 7.9369096755981445]","[-0.013439035043120384, 0.01466076634824276, -0.004886921960860491]","[0.16546499729156494, -0.2545259892940521, 0.9497339725494385, 0.07643400132656097]",Hello,Hello
2,0.4400789569999688,"[3.514688014984131, -4.632780075073242, 8.020575523376465]","[3.532694101333618, -4.550454616546631, 7.936234951019287]","[-0.015882495790719986, -0.0012217304902151227, -0.013439035043120384]","[0.16546499729156494, -0.2545259892940521, 0.9497339725494385, 0.07643400132656097]",Hello,Hello
2,0.4865788250001515,"[3.4979286193847656, -4.508281707763672, 8.02536392211914]","[3.5344977378845215, -4.55208683013916, 7.934495449066162]","[0.0012217304902151227, -0.0012217304902151227, -0.02321287989616394]","[0.16546499729156494, -0.2545259892940521, 0.9497339725494385, 0.07643400132656097]",Hello,Hello
2,0.4870162180000079,"[3.4404678344726562, -4.469974517822266, 8.111555099487305]","[3.5357749462127686, -4.549482345581055, 7.935420036315918]","[0.006108652334660292, -0.00366519158706069, -0.021991148591041565]","[0.1652899980545044, -0.2547920048236847, 0.9496690034866333, 0.07673200219869614]",Hello,Hello
2,0.535691738999958,"[3.4787750244140625, -4.49870491027832, 8.027758598327637]","[3.5395798683166504, -4.548603057861328, 7.93422794342041]","[-0.015882495790719986, -0.00855211354792118, -0.015882495790719986]","[0.1652899980545044, -0.2547920048236847, 0.9496690034866333, 0.07673200219869614]",Hello,Hello
2,0.536698233000152,"[3.466804027557373, -4.529829502105713, 7.9846625328063965]","[3.542628288269043, -4.552152156829834, 7.930830955505371]","[-0.03787364438176155, -0.013439035043120384, -0.004886921960860491]","[0.1655000001192093, -0.2547380030155182, 0.9496089816093445, 0.07719899713993073]",Hello,Hello
2,0.5857252060000064,"[3.4548330307006836, -4.7189717292785645, 7.982268333435059]","[3.544316291809082, -4.560137748718262, 7.925487041473389]","[-0.02321287989616394, -0.015882495790719986, 0.0012217304902151227]","[0.1655000001192093, -0.2547380030155182, 0.9496089816093445, 0.07719899713993073]",Hello,Hello
2,0.5861898600001041,"[3.4596214294433594, -4.575319290161133, 8.001421928405762]","[3.5452327728271484, -4.561465263366699, 7.924313545227051]","[0.02321287989616394, -0.006108652334660292, 0.00855211354792118]","[0.1655000001192093, -0.2547380030155182, 0.9496089816093445, 0.07719899713993073]",Hello,Hello
2,0.5868410959999437,"[3.4404678344726562, -4.58968448638916, 8.032546997070312]","[3.544471025466919, -4.5597028732299805, 7.925668716430664]","[0.03787364438176155, 0.004886921960860491, 0.015882495790719986]","[0.1657389998435974, -0.25552400946617126, 0.9493510127067566, 0.07726199924945831]",Hello,Hello
2,0.632818140000154,"[3.533841609954834, -4.548983097076416, 8.070854187011719]","[3.5429067611694336, -4.554646015167236, 7.929275035858154]","[0.0354301854968071, 0.00366519158706069, 0.024434609338641167]","[0.1657389998435974, -0.25552400946617126, 0.9493510127067566, 0.07726199924945831]",Hello,Hello
2,0.6332690680001178,"[3.4548330307006836, -4.49870491027832, 8.006210327148438]","[3.5372815132141113, -4.551470756530762, 7.933608055114746]","[0.028099801391363144, 0.00733038317412138, 0.025656340643763542]","[0.1656699925661087, -0.2548780143260956, 0.9495800137519836, 0.07672999799251556]",Hello,Hello
2,0.6813720330001161,"[3.4979286193847656, -4.479551315307617, 8.070854187011719]","[3.5343151092529297, -4.54777717590332, 7.937047958374023]","[0.01466076634824276, 0.00733038317412138, 0.02076941914856434]","[0.1656699925661087, -0.2548780143260956, 0.9495800137519836, 0.07672999799251556]",Hello,Hello
2,0.6817964110000503,"[3.4763808250427246, -4.513070106506348, 7.999027729034424]","[3.532207727432251, -4.547107219696045, 7.938370227813721]","[0.0012217304902151227, 0.013439035043120384, 0.010995574295520782]","[0.1656699925661087, -0.2548780143260956, 0.9495800137519836, 0.07672999799251556]",Hello,Hello
2,0.6848392270001114,"[3.6080620288848877, -4.592078685760498, 8.094796180725098]","[3.530163526535034, -4.546815395355225, 7.939446449279785]","[-0.00366519158706069, 0.018325956538319588, -0.00366519158706069]","[0.16540199518203735, -0.25445300340652466, 0.9497870206832886, 0.07615700364112854]",Hello,Hello
2,0.7304909189999762,"[3.6966474056243896, -4.5825018882751465, 7.994239330291748]","[3.5289273262023926, -4.546454906463623, 7.940202236175537]","[0.00855211354792118, 0.05742133408784866, -0.010995574295520782]","[0.16540199518203735, -0.25445300340652466, 0.9497870206832886, 0.07615700364112854]",Hello,Hello
2,0.7310863590000736,"[3.8977603912353516, -4.865017890930176, 8.683769226074219]","[3.5110137462615967, -4.538678169250488, 7.952581882476807]","[0.051312681287527084, 0.23579397797584534, -0.05742133408784866]","[0.16446900367736816, -0.2546919882297516, 0.9497489929199219, 0.07783199846744537]",Hello,Hello
2,0.779482143999985,"[3.0190882682800293, -3.160346269607544, 8.937555313110352]","[3.472269058227539, -4.518826961517334, 7.98084831237793]","[-0.09407325088977814, 0.384845107793808, -0.05864306539297104]","[0.16446900367736816, -0.2546919882297516, 0.9497489929199219, 0.07783199846744537]",Hello,Hello
2,0.7799065230001361,"[2.80361008644104, -2.674323320388794, 9.260771751403809]","[3.4214730262756348, -4.526540279388428, 7.998396396636963]","[-0.5302310585975647, 0.025656340643763542, -0.14416420459747314]","[0.16446900367736816, -0.2546919882297516, 0.9497489929199219, 0.07783199846744537]",Hello,Hello
2,0.8275290630001564,"[3.3854012489318848, -1.2425906658172607, 9.981427192687988]","[3.4520819187164307, -4.672347545623779, 7.900803565979004]","[-1.3390166759490967, -0.2577851414680481, -0.02932153269648552]","[0.1580989956855774, -0.24945800006389618, 0.9518600106239319, 0.08207599818706512]",Hello,Hello
2,0.8287712200001351,"[2.7293899059295654, -5.293580055236816, 9.033323287963867]","[3.527658700942993, -5.004910469055176, 7.660084247589111]","[-2.7818803787231445, -0.6536257863044739, -0.05497787147760391]","[0.1580989956855774, -0.24945800006389618, 0.9518600106239319, 0.08207599818706512]",Hello,Hello
2,0.829242848000149,"[2.765302896499634, -9.552865028381348, 8.259995460510254]","[3.659494638442993, -5.464134693145752, 7.274731636047363]","[-3.2119295597076416, -0.9040805697441101, -0.24556782841682434]","[0.1589909940958023, -0.2685210108757019, 0.945813000202179, 0.08974800258874893]",Hello,Hello
2,0.8766252460000032,"[2.4205379486083984, -14.85123348236084, 12.428300857543945]","[3.798002004623413, -5.74885368347168, 6.978270053863525]","[-2.615725040435791, -1.3829989433288574, -1.036027431488037]","[0.1589909940958023, -0.2685210108757019, 0.945813000202179, 0.08974800258874893]",Hello,Hello
2,0.8770999700000175,"[4.137180328369141, -13.903129577636719, 10.146626472473145]","[4.133421421051025, -5.983137130737305, 6.579308986663818]","[-2.5607471466064453, -1.804495930671692, -1.5528194904327393]","[0.1589909940958023, -0.2685210108757019, 0.945813000202179, 0.08974800258874893]",Hello,Hello
2,0.9274962690001304,"[5.073313236236572, -16.804901123046875, 10.259154319763184]","[4.764897346496582, -6.121180534362793, 5.9997735023498535]","[-1.7922786474227905, -2.1123719215393066, -2.506990909576416]","[0.18271499872207642, -0.337348997592926, 0.9172139763832092, 0.1073710024356842]",Hello,Hello
2,0.9278958209999928,"[4.350264549255371, -15.607800483703613, 10.891223907470703]","[5.404181957244873, -6.017531871795654, 5.545675277709961]","[-1.9352210760116577, -2.381152629852295, -3.445280075073242]","[0.18271499872207642, -0.337348997592926, 0.9172139763832092, 0.1073710024356842]",Hello,Hello
2,0.928156491999971,"[7.55131196975708, -10.11789608001709, 7.771578788757324]","[5.8983917236328125, -5.886512756347656, 5.169946670532227]","[-2.1306979656219482, -2.822197437286377, -4.195422649383545]","[0.2443079948425293, -0.37622299790382385, 0.8805980086326599, 0.1526930034160614]",Hello,Hello
2,0.9742763839999498,"[7.474697589874268, -5.451597213745117, 5.082890033721924]","[6.893810272216797, -5.406435966491699, 4.406384468078613]","[-1.7873916625976562, -2.7342329025268555, -4.491081237792969]","[0.2443079948425293, -0.37622299790382385, 0.8805980086326599, 0.1526930034160614]",Hello,Hello
2,0.9747430830000212,"[6.866570472717285, -2.8347349166870117, 3.471592426300049]","[7.594282150268555, -4.87216854095459, 3.841776132583618]","[-1.703092336654663, -2.5192081928253174, -4.7635273933410645]","[0.2443079948425293, -0.37622299790382385, 0.8805980086326599, 0.1526930034160614]",Hello,Hello
2,1.0223301460000584,"[6.734889507293701, -1.9057846069335938, 3.093308687210083]","[8.03272533416748, -4.432492733001709, 3.4639174938201904]","[-1.7861700057983398, -2.107485055923462, -4.857600212097168]","[0.3363560140132904, -0.40077000856399536, 0.8199999928474426, 0.23204700648784637]",Hello,Hello
2,1.0237868470001104,"[6.775590896606445, -0.7158663272857666, 2.612074136734009]","[8.560997009277344, -3.7349982261657715, 2.988232135772705]","[-1.273043155670166, -1.6139060258865356, -4.7781877517700195]","[0.3363560140132904, -0.40077000856399536, 0.8199999928474426, 0.23204700648784637]",Hello,Hello
2,1.0244915630000833,"[6.801927089691162, 0.7254431247711182, 2.0638017654418945]","[9.068684577941895, -2.7217938899993896, 2.5536606311798096]","[-0.5522221922874451, -1.244943380355835, -4.5631632804870605]","[0.3363560140132904, -0.40077000856399536, 0.8199999928474426, 0.23204700648784637]",Hello,Hello
2,1.07146138600001,"[6.414066314697266, 1.8746598958969116, 1.2066776752471924]","[9.260111808776855, -2.1642210483551025, 2.395176410675049]","[-0.16371189057826996, -0.9040805697441101, -4.158770561218262]","[0.4187360107898712, -0.4024749994277954, 0.7468500137329102, 0.32386401295661926]",Hello,Hello
2,1.0719066930000736,"[6.301538944244385, 1.9488801956176758, 0.1173158809542656]","[9.480995178222656, -1.199941635131836, 2.200289249420166]","[-0.1014036312699318, -0.5119050741195679, -3.6896259784698486]","[0.4187360107898712, -0.4024749994277954, 0.7468500137329102, 0.32386401295661926]",Hello,Hello
2,1.1213254540000437,"[6.3733649253845215, 2.425326347351074, 0.667982280254364]","[9.558741569519043, -0.5528674125671387, 2.1201841831207275]","[-0.17959438264369965, -0.27611109614372253, -3.210707664489746]","[0.45741400122642517, -0.3728199899196625, 0.7062709927558899, 0.3910970091819763]",Hello,Hello
2,1.1217737869999382,"[6.399701118469238, 2.516305923461914, 1.3455413579940796]","[9.583678245544434, 0.014420155435800552, 2.079249858856201]","[0.0659734457731247, -0.10506882518529892, -2.652376890182495]","[0.45741400122642517, -0.3728199899196625, 0.7062709927558899, 0.3910970091819763]",Hello,Hello
2,1.1699055159999716,"[6.253654956817627, 2.5043349266052246, 1.137245774269104]","[9.580538749694824, 0.3411819338798523, 2.0657410621643066]","[0.3335324227809906, -0.019547687843441963, -2.1001546382904053]","[0.45741400122642517, -0.3728199899196625, 0.7062709927558899, 0.3910970091819763]",Hello,Hello
2,1.1705783120000888,"[6.270414352416992, 2.9735984802246094, 0.9792284965515137]","[9.560507774353027, 0.7314639687538147, 2.057196855545044]","[0.3225368559360504, 0.05375614017248154, -1.500285029411316]","[0.4896169900894165, -0.3393310010433197, 0.6691610217094421, 0.44424399733543396]",Hello,Hello
2,1.1712126850000004,"[6.3973069190979, 3.1268274784088135, 0.4189853072166443]","[9.529877662658691, 1.0568301677703857, 2.0578906536102295]","[0.14294247329235077, 0.06719517707824707, -0.9089674949645996]","[0.4896169900894165, -0.3393310010433197, 0.6691610217094421, 0.44424399733543396]",Hello,Hello
2,1.217321376999962,"[6.574477672576904, 3.9240965843200684, 0.24660277366638184]","[9.517168045043945, 1.1652426719665527, 2.0581820011138916]","[-0.05497787147760391, 0.018325956538319588, -0.22968533635139465]","[0.5067330002784729, -0.3127720057964325, 0.6521220207214355, 0.46918201446533203]",Hello,Hello
2,1.2187832380000143,"[6.4380083084106445, 3.998316764831543, 0.9241618514060974]","[9.517532348632812, 1.1677037477493286, 2.055098295211792]","[-0.2834414839744568, -0.00366519158706069, 0.48747047781944275]","[0.5067330002784729, -0.3127720057964325, 0.6521220207214355, 0.46918201446533203]",Hello,Hello
2,1.2664563630000885,"[6.1985883712768555, 3.442862033843994, 1.316810965538025]","[9.544736862182617, 0.9470663666725159, 2.042421340942383]","[-0.6743952035903931, -0.17470745742321014, 1.1911872625350952]","[0.5067330002784729, -0.3127720057964325, 0.6521220207214355, 0.46918201446533203]",Hello,Hello
2,1.2671595060000982,"[6.294356346130371, 3.179499864578247, 1.8842366933822632]","[9.568584442138672, 0.7367115020751953, 2.017380952835083]","[-0.6511823534965515, -0.31642818450927734, 1.8863518238067627]","[0.506322979927063, -0.3122659921646118, 0.6501370072364807, 0.4727010130882263]",Hello,Hello
2,1.2700894399999925,"[6.464344501495361, 4.580107688903809, 1.8124107122421265]","[9.61253547668457, 0.17189006507396698, 1.933907389640808]","[-0.8710938692092896, -0.34697145223617554, 2.4996604919433594]","[0.506322979927063, -0.3122659921646118, 0.6501370072364807, 0.4727010130882263]",Hello,Hello
2,1.3157039719999375,"[6.121973514556885, 4.182670593261719, 1.6280571222305298]","[9.623740196228027, -0.41025400161743164, 1.8400352001190186]","[-2.4043655395507812, -0.5497786998748779, 2.959031343460083]","[0.48904699087142944, -0.3465929925441742, 0.6605749726295471, 0.4520460069179535]",Hello,Hello
2,1.316141355000127,"[6.179434776306152, 1.9321208000183105, 1.7908629179000854]","[9.614442825317383, -0.9076792001724243, 1.7055776119232178]","[-4.167322635650635, -1.1288789510726929, 3.4184019565582275]","[0.48904699087142944, -0.3465929925441742, 0.6605749726295471, 0.4520460069179535]",Hello,Hello
2,1.3644979759999387,"[6.8162922859191895, -0.4213795065879822, 1.7836803197860718]","[9.533121109008789, -1.9672341346740723, 1.1916372776031494]","[-4.81850528717041, -1.6212363243103027, 3.656639337539673]","[0.48904699087142944, -0.3465929925441742, 0.6605749726295471, 0.4520460069179535]",Hello,Hello
2,1.364917875999936,"[6.787561893463135, -0.26096799969673157, 1.381454348564148]","[9.390711784362793, -2.7598888874053955, 0.6065665483474731]","[-5.122715950012207, -1.977981686592102, 3.656639337539673]","[0.4415949881076813, -0.43595099449157715, 0.6588590145111084, 0.42525801062583923]",Hello,Hello
2,1.365592516000106,"[5.96874475479126, 0.08140286058187485, 0.689530074596405]","[9.174039840698242, -3.4609620571136475, -0.17059797048568726]","[-6.1905083656311035, -2.459343433380127, 3.573561668395996]","[0.4415949881076813, -0.43595099449157715, 0.6588590145111084, 0.42525801062583923]",Hello,Hello
2,1.4128475340000932,"[5.1595048904418945, -1.0797849893569946, -1.8291701078414917]","[8.973495483398438, -3.8587546348571777, -0.8699509501457214]","[-7.973013401031494, -3.1874947547912598, 3.3426547050476074]","[0.3732230067253113, -0.5730599761009216, 0.6133869886398315, 0.3950459957122803]",Hello,Hello
2,1.4134697350000351,"[5.003881454467773, -1.9488801956176758, -2.808398485183716]","[8.466351509094238, -4.204227447509766, -2.6106934547424316]","[-9.247278213500977, -3.858224868774414, 2.8967230319976807]","[0.3732230067253113, -0.5730599761009216, 0.6133869886398315, 0.3950459957122803]",Hello,Hello
2,1.4616097089999585,"[3.8977603912353516, -2.1164743900299072, -6.6391215324401855]","[7.987549781799316, -3.953249931335449, -4.09160852432251]","[-10.405478477478027, -4.273613452911377, 2.0757200717926025]","[0.3732230067253113, -0.5730599761009216, 0.6133869886398315, 0.3950459957122803]",Hello,Hello
2,1.4621196990001408,"[1.5849615335464478, -1.8698714971542358, -10.019734382629395]","[7.3706865310668945, -3.143061637878418, -5.6537184715271]","[-11.492818832397461, -4.493524551391602, 1.301142930984497]","[0.2877129912376404, -0.7449150085449219, 0.481781005859375, 0.3608439862728119]",Hello,Hello
2,1.5104931220000708,"[2.5665841102600098, -1.2545616626739502, -14.647726058959961]","[6.924688339233398, -2.30584716796875, -6.549975395202637]","[-9.242391586303711, -4.3701300621032715, 0.6108652353286743]","[0.2877129912376404, -0.7449150085449219, 0.481781005859375, 0.3608439862728119]",Hello,Hello
2,1.510890159000155,"[3.1028854846954346, 3.3446998596191406, -18.296489715576172]","[6.116379737854004, -1.043039321899414, -7.594235420227051]","[-5.032308101654053, -3.847229242324829, 0.8588765263557434]","[0.20419399440288544, -0.8913480043411255, 0.2477239966392517, 0.32005399465560913]",Hello,Hello
2,1.5126356539999506,"[2.3582887649536133, 2.3487119674682617, -19.709068298339844]","[5.591001033782959, -0.7692871689796448, -8.01993179321289]","[-0.636521577835083, -2.7036895751953125, 1.1191051006317139]","[0.20419399440288544, -0.8913480043411255, 0.2477239966392517, 0.32005399465560913]",Hello,Hello
2,1.5595690570000895,"[3.224989652633667, 2.0829553604125977, -19.029115676879883]","[5.221296787261963, -0.9567360877990723, -8.245798110961914]","[0.6438519954681396, -1.643227458000183, 1.4624114036560059]","[0.20419399440288544, -0.8913480043411255, 0.2477239966392517, 0.32005399465560913]",Hello,Hello
2,1.5600075120000838,"[3.399766445159912, -0.16519992053508759, -16.35718536376953]","[4.998499870300293, -1.230542778968811, -8.346924781799316]","[0.7635815739631653, -0.6328563690185547, 1.549154281616211]","[0.165475994348526, -0.9435139894485474, 0.1318880021572113, 0.25495898723602295]",Hello,Hello
2,1.609476205999954,"[5.03021764755249, 0.15083470940589905, -13.57751750946045]","[4.906819820404053, -1.5458961725234985, -8.348875999450684]","[1.1178834438323975, 0.039095375686883926, 1.500285029411316]","[0.165475994348526, -0.9435139894485474, 0.1318880021572113, 0.25495898723602295]",Hello,Hello
2,1.610080102999973,"[6.643909931182861, 0.31124621629714966, -11.753135681152344]","[4.897112846374512, -1.888311743736267, -8.283900260925293]","[1.2095131874084473, 0.46181413531303406, 1.5332717895507812]","[0.14038200676441193, -0.9549530148506165, 0.14197100698947906, 0.21954500675201416]",Hello,Hello
2,1.6106269920001068,"[6.744466304779053, -0.6871358752250671, -10.460267066955566]","[4.928177833557129, -2.3050050735473633, -8.15907096862793]","[1.7898352146148682, 0.7574729323387146, 1.832595705986023]","[0.14038200676441193, -0.9549530148506165, 0.14197100698947906, 0.21954500675201416]",Hello,Hello
2,1.6564519600001404,"[5.901707172393799, -1.213860273361206, -8.822632789611816]","[4.971683025360107, -2.8468852043151855, -7.959148406982422]","[2.5216517448425293, 1.0213667154312134, 2.122145891189575]","[0.14038200676441193, -0.9549530148506165, 0.14197100698947906, 0.21954500675201416]",Hello,Hello
2,1.6585097920001317,"[4.967968463897705, -2.212242364883423, -7.970297336578369]","[5.010620594024658, -3.4946701526641846, -7.67146635055542]","[3.0555479526519775, 1.1789699792861938, 2.364048480987549]","[0.10723699629306793, -0.95169997215271, 0.18539200723171234, 0.21999099850654602]",Hello,Hello
2,1.705435159999979,"[5.1595048904418945, -2.432508945465088, -8.504204750061035]","[4.997989654541016, -4.25890588760376, -7.283695220947266]","[3.855781316757202, 1.4257594347000122, 2.752558708190918]","[0.10723699629306793, -0.95169997215271, 0.18539200723171234, 0.21999099850654602]",Hello,Hello
2,1.7058523860000605,"[5.003881454467773, -3.4620156288146973, -9.354146003723145]","[4.96309232711792, -4.860814094543457, -6.921749114990234]","[4.311486721038818, 1.9633208513259888, 3.1691689491271973]","[0.06318499892950058, -0.9343799948692322, 0.2663930058479309, 0.22798000276088715]",Hello,Hello
2,1.7543820630000937,"[4.350264549255371, -6.00226354598999, -9.3828763961792]","[4.868614196777344, -5.9651780128479, -6.073192119598389]","[3.3487632274627686, 2.791654109954834, 3.419623613357544]","[0.06318499892950058, -0.9343799948692322, 0.2663930058479309, 0.22798000276088715]",Hello,Hello
2,1.7547718160001295,"[4.2951979637146, -7.536946773529053, -7.920019149780273]","[4.814395427703857, -6.434991836547852, -5.619863033294678]","[2.509434461593628, 3.695734739303589, 3.3768630027770996]","[0.06318499892950058, -0.9343799948692322, 0.2663930058479309, 0.22798000276088715]",Hello,Hello
2,1.7557651449999412,"[3.8498764038085938, -4.850652694702148, -5.458779811859131]","[4.728217124938965, -7.148282051086426, -4.766170978546143]","[1.5992451906204224, 4.114788055419922, 3.3255503177642822]","[-0.008441000245511532, -0.892956018447876, 0.37309399247169495, 0.2517080008983612]",Hello,Hello
2,1.8034681970000288,"[3.184288263320923, -4.90571928024292, -4.1395745277404785]","[4.591066837310791, -7.526393413543701, -4.29487419128418]","[-0.10262536257505417, 3.9816195964813232, 3.400075912475586]","[-0.008441000245511532, -0.892956018447876, 0.37309399247169495, 0.2517080008983612]",Hello,Hello
2,1.8038960320000117,"[1.7836803197860718, -5.918466567993164, -4.709394931793213]","[4.392040729522705, -7.7699456214904785, -4.063043117523193]","[-1.2131783962249756, 4.012163162231445, 3.3793065547943115]","[-0.10721299797296524, -0.8553150296211243, 0.40713900327682495, 0.30195701122283936]",Hello,Hello
2,1.8517074280000545,"[0.002394201699644327, -9.21288776397705, -3.1890766620635986]","[4.0985846519470215, -7.97746467590332, -3.966369152069092]","[-1.490511178970337, 3.858224868774414, 3.2204816341400146]","[-0.10721299797296524, -0.8553150296211243, 0.40713900327682495, 0.30195701122283936]",Hello,Hello
2,1.852275888000122,"[-0.3878606855869293, -12.236764907836914, -1.745373010635376]","[3.8890440464019775, -8.100883483886719, -3.9270098209381104]","[-1.4636331796646118, 3.2180380821228027, 2.648711681365967]","[-0.10721299797296524, -0.8553150296211243, 0.40713900327682495, 0.30195701122283936]",Hello,Hello
2,1.8528712980000817,"[0.47405192255973816, -12.389993667602539, -0.6823474764823914]","[3.720224618911743, -8.196355819702148, -3.892307996749878]","[-0.8649851679801941, 2.4214699268341064, 1.9743164777755737]","[-0.2281000018119812, -0.8214309811592102, 0.391512006521225, 0.3463209867477417]",Hello,Hello
2,1.9004408180001064,"[0.586579442024231, -13.443442344665527, -1.1037269830703735]","[3.6256814002990723, -8.237334251403809, -3.8950138092041016]","[-1.2388347387313843, 1.852143406867981, 1.0775662660598755]","[-0.2281000018119812, -0.8214309811592102, 0.391512006521225, 0.3463209867477417]",Hello,Hello
2,1.9008573220000928,"[0.3734954595565796, -14.717158317565918, -0.6200982332229614]","[3.6392195224761963, -8.158884048461914, -4.044647693634033]","[-1.8570303916931152, 1.253495454788208, 0.24678955972194672]","[-0.3052560091018677, -0.7961519956588745, 0.36837199330329895, 0.3704879879951477]",Hello,Hello
2,1.9516602870000952,"[1.3982137441635132, -15.37077522277832, -0.6727706789970398]","[3.697995901107788, -8.048215866088867, -4.209681510925293]","[-1.920560359954834, 0.49235737323760986, -0.6255260109901428]","[-0.3052560091018677, -0.7961519956588745, 0.36837199330329895, 0.3704879879951477]",Hello,Hello
2,1.952103531000148,"[1.4245500564575195, -14.731523513793945, -1.314416766166687]","[3.913400888442993, -7.765059947967529, -4.5342631340026855]","[-1.3622294664382935, -0.0354301854968071, -1.3842206001281738]","[-0.3052560091018677, -0.7961519956588745, 0.36837199330329895, 0.3704879879951477]",Hello,Hello
2,1.9524868220000824,"[1.2497732639312744, -14.48970890045166, -1.8794482946395874]","[4.154352188110352, -7.539575099945068, -4.697509765625]","[-0.6194173693656921, -0.4605923891067505, -2.0842721462249756]","[-0.33379098773002625, -0.7972400188446045, 0.3375999927520752, 0.3728489875793457]",Hello,Hello
2,1.9972333109999452,"[1.889025092124939, -14.678850173950195, -1.7621324062347412]","[4.346109867095947, -7.387950420379639, -4.764443874359131]","[0.2785545587539673, -0.8527678847312927, -2.582738161087036]","[-0.33379098773002625, -0.7972400188446045, 0.3375999927520752, 0.3728489875793457]",Hello,Hello
2,2.0001524340000287,"[2.43011474609375, -14.604630470275879, -2.0015525817871094]","[4.642167568206787, -7.208662509918213, -4.759820938110352]","[1.5137240886688232, -1.205847978591919, -3.0885345935821533]","[-0.2967439889907837, -0.8226019740104675, 0.3080590069293976, 0.37465500831604004]",Hello,Hello
2,2.0464239820000785,"[2.913743495941162, -13.807361602783203, -2.1739351749420166]","[4.975859642028809, -7.064472675323486, -4.637288570404053]","[2.0366246700286865, -1.5515977144241333, -3.6578609943389893]","[-0.2967439889907837, -0.8226019740104675, 0.3080590069293976, 0.37465500831604004]",Hello,Hello
2,2.0481397700000343,"[3.2992098331451416, -12.868834495544434, -2.892195701599121]","[5.345310688018799, -6.862268447875977, -4.528498649597168]","[1.7544050216674805, -1.940108060836792, -4.207639694213867]","[-0.2967439889907837, -0.8226019740104675, 0.3080590069293976, 0.37465500831604004]",Hello,Hello
2,2.0484643310001047,"[3.3662476539611816, -11.73398208618164, -4.01268196105957]","[5.7365288734436035, -6.545090675354004, -4.519338607788086]","[1.693318486213684, -2.1978931427001953, -4.761083602905273]","[-0.20003700256347656, -0.8441060185432434, 0.31836700439453125, 0.3822450041770935]",Hello,Hello
2,2.0954840270001114,"[2.8826189041137695, -11.405977249145508, -5.57370138168335]","[6.141354560852051, -6.124821186065674, -4.576103210449219]","[1.588249683380127, -2.3078489303588867, -5.393939971923828]","[-0.20003700256347656, -0.8441060185432434, 0.31836700439453125, 0.3822450041770935]",Hello,Hello
2,2.0958942889999435,"[2.5737667083740234, -10.970232009887695, -8.030152320861816]","[6.5619916915893555, -5.580848693847656, -4.686659336090088]","[2.015855312347412, -2.140471935272217, -5.918062686920166]","[-0.0660019963979721, -0.866491973400116, 0.3169249892234802, 0.37999001145362854]",Hello,Hello
2,2.1445506950001345,"[2.274491548538208, -8.085219383239746, -8.595184326171875]","[6.976709365844727, -4.987560749053955, -4.756068706512451]","[2.8405234813690186, -1.872912883758545, -6.2992424964904785]","[-0.0660019963979721, -0.866491973400116, 0.3169249892234802, 0.37999001145362854]",Hello,Hello
2,2.1452213170000505,"[1.7405846118927002, -4.05817174911499, -8.889671325683594]","[7.244716167449951, -4.4220662117004395, -4.9122114181518555]","[2.8490755558013916, -1.576032280921936, -6.317568302154541]","[-0.0660019963979721, -0.866491973400116, 0.3169249892234802, 0.37999001145362854]",Hello,Hello
2,2.1458784630001446,"[2.4444799423217773, -3.6583402156829834, -10.862493515014648]","[7.562559604644775, -3.775560140609741, -4.9722490310668945]","[2.4410176277160645, -1.2400563955307007, -6.211277961730957]","[0.10651200264692307, -0.8645870089530945, 0.3096030056476593, 0.38116899132728577]",Hello,Hello
2,2.192700387000059,"[3.5673606395721436, -1.8579005002975464, -11.537657737731934]","[7.937143325805664, -2.87734055519104, -4.989295959472656]","[2.7708847522735596, -0.6524040699005127, -6.064670085906982]","[0.10651200264692307, -0.8645870089530945, 0.3096030056476593, 0.38116899132728577]",Hello,Hello
2,2.1935432530001435,"[3.598485231399536, 0.44771572947502136, -11.470620155334473]","[8.106193542480469, -2.4115891456604004, -4.9643049240112305]","[2.9223792552948, -0.2028072625398636, -5.848423957824707]","[0.10651200264692307, -0.8645870089530945, 0.3096030056476593, 0.38116899132728577]",Hello,Hello
2,2.24166969099997,"[3.8953661918640137, 1.625662922859192, -11.499350547790527]","[8.320727348327637, -1.7525722980499268, -4.885118007659912]","[2.735454559326172, 0.3481931984424591, -5.3866095542907715]","[0.27955499291419983, -0.8243889808654785, 0.2999480068683624, 0.3902060091495514]",Hello,Hello
2,2.2422871430001123,"[4.527435302734375, 3.576937437057495, -11.310209274291992]","[8.55190658569336, -0.9349521398544312, -4.7075629234313965]","[2.7953193187713623, 0.7061602473258972, -5.0261993408203125]","[0.27955499291419983, -0.8243889808654785, 0.2999480068683624, 0.3902060091495514]",Hello,Hello
2,2.290444389999948,"[4.95120906829834, 5.154716491699219, -10.790667533874512]","[8.694015502929688, -0.3745908737182617, -4.521527290344238]","[2.90649676322937, 1.156978726387024, -4.40556001663208]","[0.4154919981956482, -0.7629609704017639, 0.30285900831222534, 0.39183101058006287]",Hello,Hello
2,2.290851726000028,"[5.008669853210449, 5.884947776794434, -9.583989143371582]","[8.822160720825195, 0.0633808821439743, -4.282041549682617]","[3.2278120517730713, 1.5845844745635986, -3.5686748027801514]","[0.4154919981956482, -0.7629609704017639, 0.30285900831222534, 0.39183101058006287]",Hello,Hello
2,2.292722927000113,"[5.7772088050842285, 6.567295074462891, -9.32541561126709]","[8.949336051940918, 0.32593730092048645, -3.996694803237915]","[3.773925542831421, 1.9339994192123413, -2.5619688034057617]","[0.4154919981956482, -0.7629609704017639, 0.30285900831222534, 0.39183101058006287]",Hello,Hello
2,2.339355634999947,"[6.72531270980835, 7.747636795043945, -8.157045364379883]","[9.098686218261719, 0.3948170840740204, -3.637086868286133]","[4.208861351013184, 2.3774874210357666, -1.5234979391098022]","[0.5156350135803223, -0.6859530210494995, 0.3237600028514862, 0.3984540104866028]",Hello,Hello
2,2.339978556999995,"[6.854599475860596, 7.86734676361084, -6.303933143615723]","[9.262624740600586, 0.3269160985946655, -3.2042689323425293]","[3.841120719909668, 2.752558708190918, -0.5216789245605469]","[0.5156350135803223, -0.6859530210494995, 0.3237600028514862, 0.3984540104866028]",Hello,Hello
2,2.3883924870001465,"[6.63433313369751, 6.287173748016357, -3.9647979736328125]","[9.371417045593262, 0.38002312183380127, -2.863997220993042]","[3.1337387561798096, 2.9969048500061035, 0.36529740691185]","[0.5717139840126038, -0.6069989800453186, 0.3903540074825287, 0.39027801156044006]",Hello,Hello
2,2.388829087999966,"[6.670246124267578, 5.2672438621521, -1.8722656965255737]","[9.528871536254883, 0.186378613114357, -2.310037612915039]","[2.8906142711639404, 3.062878370285034, 1.0934487581253052]","[0.5717139840126038, -0.6069989800453186, 0.3903540074825287, 0.39027801156044006]",Hello,Hello
2,2.4374812759999718,"[7.2352776527404785, 4.953603267669678, -1.6065093278884888]","[9.681724548339844, -0.23254355788230896, -1.5429086685180664]","[3.1337387561798096, 3.121521472930908, 1.643227458000183]","[0.5717139840126038, -0.6069989800453186, 0.3903540074825287, 0.39027801156044006]",Hello,Hello
2,2.437870619000023,"[7.247248649597168, 4.6471452713012695, -1.4317326545715332]","[9.746255874633789, -0.6286284327507019, -0.886397659778595]","[3.475823163986206, 3.271794319152832, 2.054950714111328]","[0.5642619729042053, -0.5482869744300842, 0.4848310053348541, 0.38200199604034424]",Hello,Hello
2,2.438708184999996,"[7.400477409362793, 4.778826713562012, -1.4772224426269531]","[9.758790969848633, -0.8697198033332825, -0.4242863357067108]","[3.2962288856506348, 3.4098498821258545, 2.395813465118408]","[0.5642619729042053, -0.5482869744300842, 0.4848310053348541, 0.38200199604034424]",Hello,Hello
2,2.485334941000019,"[7.398083209991455, 2.207453966140747, 1.1037269830703735]","[9.67690372467041, -1.492097020149231, 0.5491554141044617]","[3.0726521015167236, 3.558900833129883, 2.6926939487457275]","[0.5260030031204224, -0.49893099069595337, 0.5914959907531738, 0.3528740108013153]",Hello,Hello
2,2.485758919000091,"[7.402871608734131, -0.9241618514060974, 2.7700912952423096]","[9.510506629943848, -1.9568676948547363, 1.3752646446228027]","[3.1728341579437256, 3.866776943206787, 2.6535985469818115]","[0.5260030031204224, -0.49893099069595337, 0.5914959907531738, 0.3528740108013153]",Hello,Hello
2,2.5344384279999304,"[8.374917984008789, -3.8738183975219727, 3.1962592601776123]","[9.231659889221191, -2.3740484714508057, 2.304503917694092]","[2.993239641189575, 4.139223098754883, 2.2040019035339355]","[0.5260030031204224, -0.49893099069595337, 0.5914959907531738, 0.3528740108013153]",Hello,Hello
2,2.534871944000088,"[9.11233139038086, -5.489904403686523, 4.017470359802246]","[8.991439819335938, -2.5659635066986084, 2.9563915729522705]","[3.456275463104248, 4.313930511474609, 1.595579981803894]","[0.4624510109424591, -0.4505090117454529, 0.6957370042800903, 0.31484800577163696]",Hello,Hello
2,2.536735370000088,"[8.674192428588867, -7.266402244567871, 1.764526605606079]","[8.47818660736084, -2.4849419593811035, 4.256268501281738]","[4.990768909454346, 4.756196975708008, 0.49235737323760986]","[0.4624510109424591, -0.4505090117454529, 0.6957370042800903, 0.31484800577163696]",Hello,Hello
2,2.583426036999981,"[6.469132900238037, 0.3687070608139038, 2.557007312774658]","[7.989297866821289, -1.9299031496047974, 5.349485874176025]","[6.6596527099609375, 5.590638637542725, -0.18325957655906677]","[0.38279300928115845, -0.37753400206565857, 0.7875030040740967, 0.30129000544548035]",Hello,Hello
2,2.584125884000059,"[2.22660756111145, 11.693281173706055, 7.493851184844971]","[7.334814548492432, -1.1207835674285889, 6.412075996398926]","[6.186843395233154, 5.630955696105957, 0.34574973583221436]","[0.38279300928115845, -0.37753400206565857, 0.7875030040740967, 0.30129000544548035]",Hello,Hello
2,2.631565149000153,"[-0.3471592366695404, 14.630966186523438, 13.998897552490234]","[6.827951908111572, -0.6755461096763611, 7.00664758682251]","[2.5998425483703613, 4.686558246612549, 0.5729916095733643]","[0.38279300928115845, -0.37753400206565857, 0.7875030040740967, 0.30129000544548035]",Hello,Hello
2,2.632765848999952,"[1.7046716213226318, 4.616020679473877, 14.077905654907227]","[6.182149887084961, -0.544546902179718, 7.593081474304199]","[-1.5625933408737183, 3.456275463104248, 0.4129449129104614]","[0.31295400857925415, -0.20692600309848785, 0.8822489976882935, 0.28438800573349]",Hello,Hello
2,2.6332328870000765,"[5.566518783569336, -4.256890773773193, 12.88559341430664]","[5.673303604125977, -0.8900983929634094, 7.9493231773376465]","[-1.7067575454711914, 2.752558708190918, 0.5155702829360962]","[0.31295400857925415, -0.20692600309848785, 0.8822489976882935, 0.28438800573349]",Hello,Hello
